Credential,ProviderLocatorCode,CreatedDate,TicketStatus
UAE,D5C0RG,2025-08-21T00:20:52.650+00:00,Ticketed
UAE,D5C56Z,2025-08-21T01:02:26.702+00:00,Unticketed
UAE,D5C7ZT,2025-08-21T01:21:44.218+00:00,Ticketed
UAE,D5C7CM,2025-08-21T01:51:48.544+00:00,Ticketed
UAE,D5C7LP,2025-08-21T01:56:17.783+00:00,Ticketed
UAE,D5CJ3F,2025-08-21T02:28:54.715+00:00,Ticketed
UAE,D4YHZN,2025-08-21T03:55:50.564+00:00,Unticketed
UAE,D4Y994,2025-08-21T03:56:48.363+00:00,Unticketed
UAE,D5BJD2,2025-08-21T04:55:10.173+00:00,Not Applicable
UAE,D59XS6,2025-08-21T05:13:47.967+00:00,Ticketed
UAE,D5D81J,2025-08-21T05:02:39.190+00:00,Ticketed
UAE,D5DK7S,2025-08-21T05:49:01.868+00:00,Ticketed
UAE,D5DYTD,2025-08-21T06:41:26.084+00:00,Ticketed
UAE,D5DWRX,2025-08-21T06:30:27.083+00:00,Not Applicable
UAE,D5F16C,2025-08-21T06:49:28.263+00:00,Ticketed
UAE,D59HCP,2025-08-21T06:49:29.049+00:00,Ticketed
UAE,D59GP4,2025-08-21T06:51:20.909+00:00,Ticketed
UAE,D5F1YR,2025-08-21T06:52:30.058+00:00,Ticketed
UAE,D5F501,2025-08-21T06:58:55.755+00:00,Ticketed
UAE,D59VJC,2025-08-21T07:09:53.988+00:00,Ticketed
UAE,D5F995,2025-08-21T07:15:20.610+00:00,Unticketed
UAE,D4PTCS,2025-08-21T07:31:50.464+00:00,Not Applicable
UAE,D5FG68,2025-08-21T07:32:25.366+00:00,Ticketed
UAE,D5FF5T,2025-08-21T07:24:12.771+00:00,Ticketed
UAE,D5FSSX,2025-08-21T08:00:42.304+00:00,Ticketed
UAE,D5FRZJ,2025-08-21T08:00:58.011+00:00,Ticketed
UAE,D4Q6CR,2025-08-21T08:02:06.745+00:00,Not Applicable
UAE,D5FKX0,2025-08-21T08:14:30.919+00:00,Ticketed
UAE,D594WV,2025-08-21T08:16:59.343+00:00,Ticketed
UAE,D4Q9RL,2025-08-21T08:32:28.901+00:00,Not Applicable
UAE,D5G8SP,2025-08-21T08:47:22.117+00:00,Ticketed
UAE,D5GD26,2025-08-21T08:50:13.949+00:00,Ticketed
UAE,D5GCRQ,2025-08-21T08:49:24.464+00:00,Ticketed
UAE,D5GMCB,2025-08-21T09:09:30.814+00:00,Ticketed
UAE,D5GK85,2025-08-21T09:03:33.806+00:00,Ticketed
UAE,D5G6QK,2025-08-21T09:18:31.859+00:00,Ticketed
UAE,D5GSFC,2025-08-21T09:23:18.721+00:00,Ticketed
UAE,D5GSX7,2025-08-21T09:28:50.994+00:00,Ticketed
UAE,D5GV0P,2025-08-21T09:33:58.551+00:00,Ticketed
UAE,D5GFXS,2025-08-21T09:46:41.842+00:00,Ticketed
UAE,D5FYSL,2025-08-21T09:49:10.430+00:00,Ticketed
UAE,D5H2K5,2025-08-21T09:49:58.371+00:00,Ticketed
UAE,D5H4T6,2025-08-21T09:57:15.928+00:00,Ticketed
UAE,D5H8FQ,2025-08-21T10:01:42.180+00:00,Ticketed
UAE,D4VKGN,2025-08-21T10:55:05.900+00:00,Ticketed
UAE,D5HVMB,2025-08-21T10:56:59.465+00:00,Ticketed
UAE,D5HQW0,2025-08-21T10:39:18.674+00:00,Unticketed
UAE,D5HYLX,2025-08-21T11:04:24.815+00:00,Ticketed
UAE,D5HZJ7,2025-08-21T11:05:49.167+00:00,Ticketed
UAE,D5J38T,2025-08-21T11:18:06.818+00:00,Ticketed
UAE,D5J7Z9,2025-08-21T11:30:18.940+00:00,Ticketed
UAE,D5J837,2025-08-21T11:32:12.018+00:00,Ticketed
UAE,D5JCDY,2025-08-21T11:32:11.621+00:00,Ticketed
UAE,D5JHYB,2025-08-21T11:49:13.126+00:00,Ticketed
UAE,D5JKWJ,2025-08-21T11:50:05.339+00:00,Ticketed
UAE,D59WPK,2025-08-21T11:51:14.603+00:00,Ticketed
UAE,D5JHHY,2025-08-21T11:51:54.610+00:00,Unticketed
UAE,D5JMLR,2025-08-21T11:55:51.833+00:00,Unticketed
UAE,D5JNK8,2025-08-21T12:00:56.210+00:00,Unticketed
UAE,D5DWYH,2025-08-21T06:31:05.886+00:00,Unticketed
UAE,D5BYSN,2025-08-21T00:04:22.677+00:00,Unticketed
UAE,D5C01S,2025-08-21T00:17:38.519+00:00,Ticketed
UAE,D5C264,2025-08-21T00:33:40.500+00:00,Ticketed
UAE,D4YLR5,2025-08-21T00:35:06.033+00:00,Ticketed
UAE,D4YPZ9,2025-08-21T00:35:19.324+00:00,Ticketed
UAE,D5C2QZ,2025-08-21T00:38:16.581+00:00,Unticketed
UAE,D4XF4B,2025-08-21T00:40:30.958+00:00,Ticketed
UAE,D5C4F6,2025-08-21T00:46:40.337+00:00,Ticketed
UAE,D5C4QK,2025-08-21T00:50:02.203+00:00,Unticketed
UAE,D4Y5H4,2025-08-21T01:07:42.944+00:00,Ticketed
UAE,D4Y4Z5,2025-08-21T01:07:56.870+00:00,Ticketed
UAE,D5C7S1,2025-08-21T01:19:40.061+00:00,Unticketed
UAE,D5C7T6,2025-08-21T01:20:02.152+00:00,Unticketed
UAE,D5C9ND,2025-08-21T01:42:38.797+00:00,Ticketed
UAE,D5CCBY,2025-08-21T01:51:49.530+00:00,Unticketed
UAE,D5CJ5X,2025-08-21T02:29:28.634+00:00,Ticketed
UAE,D5CKRG,2025-08-21T02:48:48.348+00:00,Ticketed
UAE,D5CNX2,2025-08-21T03:05:15.898+00:00,Unticketed
UAE,D5CPM7,2025-08-21T03:10:13.234+00:00,Ticketed
UAE,D5CQ9F,2025-08-21T03:15:55.966+00:00,Ticketed
UAE,D5CW5S,2025-08-21T03:50:37.624+00:00,Unticketed
UAE,D5CWRW,2025-08-21T03:54:42.949+00:00,Unticketed
UAE,D5CXG4,2025-08-21T03:59:40.434+00:00,Unticketed
UAE,D5CYF2,2025-08-21T04:07:48.323+00:00,Unticketed
UAE,D5CZ9J,2025-08-21T04:12:20.499+00:00,Ticketed
UAE,D5D0H9,2025-08-21T04:20:17.696+00:00,Ticketed
UAE,D5D3VD,2025-08-21T04:40:00.406+00:00,Ticketed
UAE,D5D5QH,2025-08-21T04:50:30.331+00:00,Ticketed
UAE,D5DBHT,2025-08-21T05:15:50.563+00:00,Ticketed
UAE,D5DBXB,2025-08-21T05:18:01.769+00:00,Ticketed
UAE,D5DCM5,2025-08-21T05:21:44.795+00:00,Unticketed
UAE,D5DDB9,2025-08-21T05:25:27.468+00:00,Ticketed
UAE,D5DFLM,2025-08-21T05:31:32.854+00:00,Unticketed
UAE,D5DF48,2025-08-21T05:36:08.334+00:00,Ticketed
UAE,D5DGX8,2025-08-21T05:37:23.212+00:00,Ticketed
UAE,D5DHBW,2025-08-21T05:39:19.989+00:00,Unticketed
UAE,D5DJ6K,2025-08-21T05:43:20.623+00:00,Unticketed
UAE,D5DJ6S,2025-08-21T05:43:23.344+00:00,Unticketed
UAE,D5DJCZ,2025-08-21T05:44:09.197+00:00,Ticketed
UAE,D5DJQ5,2025-08-21T05:45:27.631+00:00,Ticketed
UAE,D5DKL0,2025-08-21T05:49:25.869+00:00,Unticketed
UAE,D5DKNF,2025-08-21T05:49:48.046+00:00,Unticketed
UAE,D5DKPS,2025-08-21T05:49:59.771+00:00,Ticketed
UAE,D5DL5P,2025-08-21T05:51:59.614+00:00,Ticketed
UAE,D5DLQ9,2025-08-21T05:54:23.018+00:00,Unticketed
UAE,D5DLRV,2025-08-21T05:54:35.933+00:00,Ticketed
UAE,D5DLX1,2025-08-21T05:55:13.398+00:00,Unticketed
UAE,D5DMJC,2025-08-21T05:58:01.867+00:00,Unticketed
UAE,D5DN0Q,2025-08-21T06:00:09.921+00:00,Ticketed
UAE,D5DN2M,2025-08-21T06:00:26.137+00:00,Unticketed
UAE,D5DNL4,2025-08-21T06:02:41.656+00:00,Ticketed
UAE,D5DP2W,2025-08-21T06:04:49.162+00:00,Unticketed
UAE,D5DQ70,2025-08-21T06:09:27.409+00:00,Unticketed
UAE,D5DQGJ,2025-08-21T06:10:26.220+00:00,Ticketed
UAE,D5DQRH,2025-08-21T06:11:42.139+00:00,Unticketed
UAE,N1J3YY,2025-08-21T06:12:30.884+00:00,Ticketed
UAE,D5DR46,2025-08-21T06:13:08.301+00:00,Ticketed
UAE,I6F9SW,2025-08-21T06:14:30.031+00:00,Ticketed
UAE,D5DRN8,2025-08-21T06:16:41.999+00:00,Unticketed
UAE,D5DSC0,2025-08-21T06:17:50.682+00:00,Unticketed
UAE,D5DSK0,2025-08-21T06:18:37.448+00:00,Unticketed
UAE,D5DSHY,2025-08-21T06:19:07.327+00:00,Ticketed
UAE,D5DTCX,2025-08-21T06:21:41.041+00:00,Unticketed
UAE,D5DTDY,2025-08-21T06:21:47.926+00:00,Ticketed
UAE,D5DTMW,2025-08-21T06:22:33.874+00:00,Unticketed
UAE,D5DVHR,2025-08-21T06:25:41.425+00:00,Ticketed
UAE,D5DVPC,2025-08-21T06:26:22.315+00:00,Ticketed
UAE,D5DVRZ,2025-08-21T06:26:39.363+00:00,Ticketed
UAE,D5DVW4,2025-08-21T06:27:02.622+00:00,Ticketed
UAE,D5DW1Q,2025-08-21T06:27:43.363+00:00,Unticketed
UAE,D5DW31,2025-08-21T06:27:51.892+00:00,Unticketed
UAE,D5DW7D,2025-08-21T06:28:20.385+00:00,Ticketed
UAE,D5DW44,2025-08-21T06:28:27.076+00:00,Ticketed
UAE,D5DWB9,2025-08-21T06:28:39.024+00:00,Ticketed
UAE,D5DWJ9,2025-08-21T06:29:27.651+00:00,Ticketed
UAE,D5FQJ2,2025-08-21T07:52:08.012+00:00,Unticketed
UAE,D5DX0W,2025-08-21T06:31:25.975+00:00,Unticketed
UAE,D5DX8L,2025-08-21T06:32:23.750+00:00,Ticketed
UAE,D4YNPS,2025-08-21T06:32:41.055+00:00,Ticketed
UAE,D5DXHR,2025-08-21T06:33:17.728+00:00,Ticketed
UAE,D5DY7V,2025-08-21T06:35:58.922+00:00,Ticketed
UAE,D5DY77,2025-08-21T06:35:55.065+00:00,Ticketed
UAE,D5DYFT,2025-08-21T06:36:35.916+00:00,Ticketed
UAE,D5DYLL,2025-08-21T06:37:11.402+00:00,Ticketed
UAE,D5DZ8G,2025-08-21T06:39:28.613+00:00,Ticketed
UAE,D5DZB7,2025-08-21T06:39:40.722+00:00,Ticketed
UAE,D5DZDX,2025-08-21T06:40:01.283+00:00,Unticketed
UAE,D5DZ0B,2025-08-21T06:40:33.454+00:00,Ticketed
UAE,D5DZTV,2025-08-21T06:41:23.932+00:00,Ticketed
UAE,D5F08Q,2025-08-21T06:42:53.938+00:00,Unticketed
UAE,D5F107,2025-08-21T06:45:08.106+00:00,Ticketed
UAE,D5F12R,2025-08-21T06:45:20.816+00:00,Ticketed
UAE,D5F1J9,2025-08-21T06:46:51.213+00:00,Ticketed
UAE,D5F2D8,2025-08-21T06:49:54.238+00:00,Unticketed
UAE,RB4IXK,2025-08-21T06:50:02.747+00:00,Ticketed
UAE,D5F2K7,2025-08-21T06:50:26.798+00:00,Unticketed
UAE,D5F2PF,2025-08-21T06:50:54.390+00:00,Ticketed
UAE,D5F2PZ,2025-08-21T06:50:58.310+00:00,Unticketed
UAE,D5F2RZ,2025-08-21T06:51:58.276+00:00,Ticketed
UAE,D5F32M,2025-08-21T06:52:15.279+00:00,Ticketed
UAE,D5F37Q,2025-08-21T06:52:51.753+00:00,Unticketed
UAE,D5F3RJ,2025-08-21T06:54:37.128+00:00,Ticketed
UAE,D5F3TL,2025-08-21T06:54:50.833+00:00,Unticketed
UAE,D5F4QP,2025-08-21T06:57:52.314+00:00,Unticketed
UAE,D5F4T9,2025-08-21T06:58:07.817+00:00,Unticketed
UAE,D5F4YN,2025-08-21T06:58:30.412+00:00,Ticketed
UAE,D5F5LX,2025-08-21T07:00:36.383+00:00,Ticketed
UAE,D5F6D1,2025-08-21T07:03:13.396+00:00,Unticketed
UAE,D5F6R5,2025-08-21T07:04:19.241+00:00,Unticketed
UAE,D5F5VK,2025-08-21T07:04:56.342+00:00,Ticketed
UAE,D5F75F,2025-08-21T07:05:29.414+00:00,Ticketed
UAE,D5F731,2025-08-21T07:05:13.654+00:00,Unticketed
UAE,D5F7JM,2025-08-21T07:06:34.398+00:00,Unticketed
UAE,D5F7HZ,2025-08-21T07:06:32.189+00:00,Ticketed
UAE,D5F7MX,2025-08-21T07:06:54.856+00:00,Ticketed
UAE,D5F880,2025-08-21T07:08:52.289+00:00,Unticketed
UAE,D5F9JG,2025-08-21T07:12:43.350+00:00,Unticketed
UAE,D5FBGR,2025-08-21T07:15:43.616+00:00,Unticketed
UAE,D5FBVX,2025-08-21T07:17:04.252+00:00,Ticketed
UAE,D5FBX6,2025-08-21T07:17:51.685+00:00,Ticketed
UAE,D5FCKK,2025-08-21T07:19:21.685+00:00,Ticketed
UAE,D5FCNN,2025-08-21T07:19:40.884+00:00,Unticketed
UAE,D5FCV5,2025-08-21T07:20:12.010+00:00,Unticketed
UAE,D5FD0Y,2025-08-21T07:20:47.403+00:00,Ticketed
UAE,D5FDHW,2025-08-21T07:22:13.287+00:00,Ticketed
UAE,D5FDS6,2025-08-21T07:22:56.006+00:00,Unticketed
UAE,D5FCVT,2025-08-21T07:23:07.020+00:00,Ticketed
UAE,D5FF8P,2025-08-21T07:24:27.576+00:00,Unticketed
UAE,D5FFKT,2025-08-21T07:25:18.627+00:00,Unticketed
UAE,D5FFQB,2025-08-21T07:25:44.262+00:00,Unticketed
UAE,D5FGGX,2025-08-21T07:28:05.600+00:00,Ticketed
UAE,D5FGVP,2025-08-21T07:29:05.249+00:00,Ticketed
UAE,D5FH68,2025-08-21T07:30:06.655+00:00,Ticketed
UAE,D5FHDL,2025-08-21T07:30:48.139+00:00,Unticketed
UAE,D5FHNT,2025-08-21T07:31:38.643+00:00,Ticketed
UAE,D5FHVS,2025-08-21T07:32:12.658+00:00,Ticketed
UAE,D5FJ5H,2025-08-21T07:33:09.156+00:00,Unticketed
UAE,D5FJT3,2025-08-21T07:35:08.293+00:00,Ticketed
UAE,D5FJYP,2025-08-21T07:35:42.326+00:00,Ticketed
UAE,D5FK26,2025-08-21T07:36:05.262+00:00,Ticketed
UAE,D5FKP3,2025-08-21T07:37:49.900+00:00,Ticketed
UAE,D5FL65,2025-08-21T07:39:22.771+00:00,Unticketed
UAE,D5FL8Y,2025-08-21T07:39:39.417+00:00,Unticketed
UAE,D5FLG9,2025-08-21T07:40:10.238+00:00,Ticketed
UAE,D5FLNC,2025-08-21T07:40:46.157+00:00,Unticketed
UAE,D5FM7N,2025-08-21T07:42:41.454+00:00,Unticketed
UAE,D5FMCC,2025-08-21T07:43:02.997+00:00,Unticketed
UAE,D5FMQ5,2025-08-21T07:44:07.113+00:00,Ticketed
UAE,D5FMSF,2025-08-21T07:44:17.622+00:00,Unticketed
UAE,D5FMT2,2025-08-21T07:44:21.805+00:00,Unticketed
UAE,D5FN0P,2025-08